Workbook

Sheet Data Table
A1: Campaign_ID | B1: Campaign_Name | C1: Date | D1: Region | E1: Customer_Segment | F1: Channel | G1: Impressions | H1: Clicks | I1: Leads | J1: Conversions | K1: Cost | L1: Revenue | M1: CTR | N1: Lead_Rate | O1: Conversion_Rate | P1: ROAS | Q1: Profit
A2: 1 | B2: Commercial Roofing Awareness | C2: 46027 | D2: Northeast | E2: Commercial | F2: LinkedIn | G2: 12000 | H2: 850 | I2: 120 | J2: 35 | K2: 3200 | L2: 15000 | M2: =H2/G2 -> 0.070833333 | N2: =I2/H2 -> 0.14117647 | O2: =J2/I2 -> 0.29166667 | P2: =L2/K2 -> 4.6875 | Q2: =L2-K2 -> 11800
A3: 2 | B3: Waterproofing Solutions Campaign | C3: 46030 | D3: Southeast | E3: Healthcare | F3: Email | G3: 8000 | H3: 400 | I3: 90 | J3: 20 | K3: 1800 | L3: 9000 | M3: =H3/G3 -> 0.05 | N3: =I3/H3 -> 0.225 | O3: =J3/I3 -> 0.22222222 | P3: =L3/K3 -> 5 | Q3: =L3-K3 -> 7200
A4: 3 | B4: Healthcare Facility Outreach | C4: 46034 | D4: Midwest | E4: Healthcare | F4: Webinar | G4: 15000 | H4: 1200 | I4: 200 | J4: 60 | K4: 5000 | L4: 25000 | M4: =H4/G4 -> 0.08 | N4: =I4/H4 -> 0.16666667 | O4: =J4/I4 -> 0.3 | P4: =L4/K4 -> 5 | Q4: =L4-K4 -> 20000
A5: 4 | B5: National Accounts Growth Campaign | C5: 46037 | D5: West | E5: National Accounts | F5: Google Ads | G5: 20000 | H5: 1800 | I5: 300 | J5: 75 | K5: 7000 | L5: 40000 | M5: =H5/G5 -> 0.09 | N5: =I5/H5 -> 0.16666667 | O5: =J5/I5 -> 0.25 | P5: =L5/K5 -> 5.7142857 | Q5: =L5-K5 -> 33000
A6: 5 | B6: Roof Restoration Lead Campaign | C6: 46040 | D6: Southwest | E6: Commercial | F6: Trade Show | G6: 10000 | H6: 600 | I6: 150 | J6: 45 | K6: 4500 | L6: 20000 | M6: =H6/G6 -> 0.06 | N6: =I6/H6 -> 0.25 | O6: =J6/I6 -> 0.3 | P6: =L6/K6 -> 4.4444444 | Q6: =L6-K6 -> 15500
A7: 6 | B7: Institutional Building Solutions | C7: 46042 | D7: Midwest | E7: Institutional | F7: Email | G7: 9000 | H7: 500 | I7: 110 | J7: 30 | K7: 2000 | L7: 12000 | M7: =H7/G7 -> 0.055555556 | N7: =I7/H7 -> 0.22 | O7: =J7/I7 -> 0.27272727 | P7: =L7/K7 -> 6 | Q7: =L7-K7 -> 10000
A8: 7 | B8: Corporate Accounts Engagement | C8: 46044 | D8: Northeast | E8: Corporate | F8: LinkedIn | G8: 13000 | H8: 900 | I8: 140 | J8: 50 | K8: 3500 | L8: 18000 | M8: =H8/G8 -> 0.069230769 | N8: =I8/H8 -> 0.15555556 | O8: =J8/I8 -> 0.35714286 | P8: =L8/K8 -> 5.1428571 | Q8: =L8-K8 -> 14500
A9: 8 | B9: Preventive Maintenance Campaign | C9: 46047 | D9: West | E9: Commercial | F9: Google Ads | G9: 17000 | H9: 1400 | I9: 220 | J9: 70 | K9: 6000 | L9: 30000 | M9: =H9/G9 -> 0.082352941 | N9: =I9/H9 -> 0.15714286 | O9: =J9/I9 -> 0.31818182 | P9: =L9/K9 -> 5 | Q9: =L9-K9 -> 24000
A10: 9 | B10: Commercial Roofing Awareness | C10: 46055 | D10: Southeast | E10: Commercial | F10: Email | G10: 11000 | H10: 750 | I10: 130 | J10: 40 | K10: 2800 | L10: 16000 | M10: =H10/G10 -> 0.068181818 | N10: =I10/H10 -> 0.17333333 | O10: =J10/I10 -> 0.30769231 | P10: =L10/K10 -> 5.7142857 | Q10: =L10-K10 -> 13200
A11: 10 | B11: Waterproofing Solutions Campaign | C11: 46059 | D11: Midwest | E11: Healthcare | F11: LinkedIn | G11: 14000 | H11: 1000 | I11: 180 | J11: 55 | K11: 4200 | L11: 22000 | M11: =H11/G11 -> 0.071428571 | N11: =I11/H11 -> 0.18 | O11: =J11/I11 -> 0.30555556 | P11: =L11/K11 -> 5.2380952 | Q11: =L11-K11 -> 17800
A12: 11 | B12: Healthcare Facility Outreach | C12: 46063 | D12: Northeast | E12: Healthcare | F12: Webinar | G12: 16000 | H12: 1300 | I12: 210 | J12: 65 | K12: 5200 | L12: 27000 | M12: =H12/G12 -> 0.08125 | N12: =I12/H12 -> 0.16153846 | O12: =J12/I12 -> 0.30952381 | P12: =L12/K12 -> 5.1923077 | Q12: =L12-K12 -> 21800
A13: 12 | B13: National Accounts Growth Campaign | C13: 46067 | D13: West | E13: National Accounts | F13: Google Ads | G13: 22000 | H13: 1900 | I13: 320 | J13: 80 | K13: 7500 | L13: 42000 | M13: =H13/G13 -> 0.086363636 | N13: =I13/H13 -> 0.16842105 | O13: =J13/I13 -> 0.25 | P13: =L13/K13 -> 5.6 | Q13: =L13-K13 -> 34500
... A17: 16 | B17: Preventive Maintenance Campaign | C17: 46080 | D17: West | E17: Commercial | F17: Google Ads | G17: 18000 | H17: 1500 | I17: 240 | J17: 75 | K17: 6200 | L17: 32000 | M17: =H17/G17 -> 0.083333333 | N17: =I17/H17 -> 0.16 | O17: =J17/I17 -> 0.3125 | P17: =L17/K17 -> 5.1612903 | Q17: =L17-K17 -> 25800

Sheet Dashboard
B3: Campaign Performance Dashboard
B4: Total Revenue | C4: =SUM('Data Table'!L:L) -> 361000
B5: Total Cost | C5: =SUM('Data Table'!K:K) -> 69300
B6: Total Profit | C6: =SUM('Data Table'!Q:Q) -> 291700
B7: Total Conversions | C7: =SUM('Data Table'!J:J) -> 835
B8: Average CTR | C8: =AVERAGE('Data Table'!M:M) -> 0.071168739
B9: Average Conversion Rate | C9: =AVERAGE('Data Table'!O:O) -> 0.29597162
B10: Average ROAS | C10: =AVERAGE('Data Table'!P:P) -> 5.2394628
B12: Key Insights:
B13: - National Accounts Growth Campaign generated the highest revenue
B14: - Google Ads drove the most conversions
B15: - West region produced the highest profit
B16: - West region produced the highest profit

Sheet Revenue by Campaign
A2: Campaign_Name | B2: Sum of Revenue
A3: Commercial Roofing Awareness | B3: 31000
A4: Corporate Accounts Engagement | B4: 37000
A5: Healthcare Facility Outreach | B5: 52000
A6: Institutional Building Solutions | B6: 25000
A7: National Accounts Growth Campaign | B7: 82000
A8: Preventive Maintenance Campaign | B8: 62000
A9: Roof Restoration Lead Campaign | B9: 41000
A10: Waterproofing Solutions Campaign | B10: 31000
A11: Grand Total | B11: 361000

Sheet Conversions by Channel
A2: Channel | B2: Sum of Conversions
A3: Email | B3: 125
A4: Google Ads | B4: 300
A5: LinkedIn | B5: 192
A6: Trade Show | B6: 93
A7: Webinar | B7: 125
A8: Grand Total | B8: 835

Sheet Profit by Region
A2: Region | B2: Sum of Profit
A3: Midwest | B3: 58700
A4: Northeast | B4: 63500
A5: Southeast | B5: 20400
A6: Southwest | B6: 31800
A7: West | B7: 117300
A8: Grand Total | B8: 291700
